{"indexes":[{"v":{"$numberInt":"2"},"key":{"_id":{"$numberInt":"1"}},"name":"_id_"},{"v":{"$numberInt":"2"},"key":{"reseller_id":{"$numberInt":"1"},"status":{"$numberInt":"1"}},"name":"reseller_id_1_status_1"},{"v":{"$numberInt":"2"},"key":{"reseller_id":{"$numberInt":"1"},"created_at":{"$numberInt":"-1"}},"name":"reseller_id_1_created_at_-1"},{"v":{"$numberInt":"2"},"key":{"client_id":{"$numberInt":"1"}},"name":"client_id_1"},{"v":{"$numberInt":"2"},"key":{"agent_id":{"$numberInt":"1"}},"name":"agent_id_1"}],"uuid":"ee768867639a432d9ef8ee388d18c428","collectionName":"tickets","type":"collection"}