{"indexes":[{"v":{"$numberInt":"2"},"key":{"_id":{"$numberInt":"1"}},"name":"_id_"},{"v":{"$numberInt":"2"},"key":{"reseller_id":{"$numberInt":"1"}},"name":"reseller_id_1"},{"v":{"$numberInt":"2"},"key":{"reseller_id":{"$numberInt":"1"},"is_default":{"$numberInt":"1"}},"name":"reseller_id_1_is_default_1"},{"v":{"$numberInt":"2"},"key":{"id":{"$numberInt":"1"}},"name":"unique_department_id","unique":true}],"uuid":"8434a19a6b94481996c34e5d961f37ec","collectionName":"departments","type":"collection"}