{"indexes":[{"v":{"$numberInt":"2"},"key":{"_id":{"$numberInt":"1"}},"name":"_id_"},{"v":{"$numberInt":"2"},"key":{"ticket_id":{"$numberInt":"1"},"created_at":{"$numberInt":"-1"}},"name":"ticket_id_1_created_at_-1"},{"v":{"$numberInt":"2"},"key":{"from_id":{"$numberInt":"1"}},"name":"from_id_1"},{"v":{"$numberInt":"2"},"key":{"ticket_id":{"$numberInt":"1"}},"name":"ticket_id_1"},{"v":{"$numberInt":"2"},"key":{"timestamp":{"$numberInt":"-1"}},"name":"timestamp_-1"},{"v":{"$numberInt":"2"},"key":{"to_id":{"$numberInt":"1"}},"name":"to_id_1"},{"v":{"$numberInt":"2"},"key":{"ticket_id":{"$numberInt":"1"},"timestamp":{"$numberInt":"-1"}},"name":"ticket_id_1_timestamp_-1"}],"uuid":"20a03d0ad20c4dee80e31f197aad31ec","collectionName":"messages","type":"collection"}