{"indexes":[{"v":{"$numberInt":"2"},"key":{"_id":{"$numberInt":"1"}},"name":"_id_"},{"v":{"$numberInt":"2"},"key":{"email":{"$numberInt":"1"}},"name":"email_1","unique":true},{"v":{"$numberInt":"2"},"key":{"parent_id":{"$numberInt":"1"}},"name":"parent_id_1"},{"v":{"$numberInt":"2"},"key":{"custom_domain":{"$numberInt":"1"}},"name":"custom_domain_1","sparse":true},{"v":{"$numberInt":"2"},"key":{"test_domain":{"$numberInt":"1"}},"name":"test_domain_1","sparse":true},{"v":{"$numberInt":"2"},"key":{"id":{"$numberInt":"1"}},"name":"unique_reseller_id","unique":true}],"uuid":"8cee38c0e9934953a97fd43a75d33bc2","collectionName":"resellers","type":"collection"}