{"indexes":[{"v":{"$numberInt":"2"},"key":{"_id":{"$numberInt":"1"}},"name":"_id_"},{"v":{"$numberInt":"2"},"key":{"id":{"$numberInt":"1"}},"name":"unique_user_id","unique":true},{"v":{"$numberInt":"2"},"key":{"email":{"$numberInt":"1"}},"name":"email_1"},{"v":{"$numberInt":"2"},"key":{"whatsapp":{"$numberInt":"1"}},"name":"whatsapp_1"},{"v":{"$numberInt":"2"},"key":{"reseller_id":{"$numberInt":"1"}},"name":"reseller_id_1"},{"v":{"$numberInt":"2"},"key":{"user_type":{"$numberInt":"1"}},"name":"user_type_1"},{"v":{"$numberInt":"2"},"key":{"reseller_id":{"$numberInt":"1"},"user_type":{"$numberInt":"1"}},"name":"reseller_id_1_user_type_1"}],"uuid":"a95bb68ac4d24aee86a1f4bbdb9cee20","collectionName":"users","type":"collection"}