{"indexes":[{"v":{"$numberInt":"2"},"key":{"_id":{"$numberInt":"1"}},"name":"_id_"},{"v":{"$numberInt":"2"},"key":{"instance_name":{"$numberInt":"1"}},"name":"instance_name_1"},{"v":{"$numberInt":"2"},"key":{"reseller_id":{"$numberInt":"1"}},"name":"reseller_id_1"},{"v":{"$numberInt":"2"},"key":{"status":{"$numberInt":"1"}},"name":"status_1"},{"v":{"$numberInt":"2"},"key":{"reseller_id":{"$numberInt":"1"},"status":{"$numberInt":"1"}},"name":"reseller_id_1_status_1"}],"uuid":"4819dc2543d14ea7b21f2db3ed7766cc","collectionName":"whatsapp_instances","type":"collection"}